run,seq_us,par_us,speedup
1,3134028,442284,7.08601
2,3099633,433530,7.14975
3,3138482,447429,7.01448
4,3123703,437376,7.14192
5,3073321,435207,7.06175
6,3075997,435059,7.0703
7,3100467,429287,7.22236
8,3080188,433369,7.10754
9,3071321,438174,7.00936
10,3098139,435611,7.11217
11,3075887,432146,7.1177
12,3122156,436536,7.15212
13,3097336,434297,7.13184
14,3124536,430734,7.25398
15,3112809,434237,7.16846
16,3093720,434709,7.11676
17,3108022,436574,7.11912
18,3067082,429621,7.13904
19,3067924,434972,7.05315
20,3070734,434740,7.06338
21,3068442,441544,6.94935
22,3073648,435640,7.05548
23,3067173,436331,7.02946
24,3068679,432081,7.10209
25,3068881,438377,7.00055
26,3073285,436169,7.04609
27,3077059,437467,7.03381
28,3086867,431273,7.15757
29,3070134,433429,7.08336
30,3073527,434283,7.07724
31,3087872,437034,7.06552
32,3082211,429768,7.1718
33,3082335,431668,7.14052
34,3108983,434751,7.15118
35,3106390,433378,7.16785
36,3131037,434786,7.20133
37,3158929,434899,7.26359
38,3089124,429147,7.19829
39,3132010,431548,7.25762
40,3071792,442262,6.94564
41,3086233,431218,7.15701
42,3062746,436094,7.02313
43,3088108,432575,7.1389
44,3102099,431536,7.18851
45,3140078,433265,7.24748
46,3137980,432528,7.25498
47,3077303,432325,7.11803
48,3065853,430946,7.11424
49,3109563,440545,7.05845
50,3071357,431876,7.11166
